English,Chinese
say,說
spell,拼
print,印
type,類型
sign,簽
name,姓名
first name,名字
middle initial,中間名
last name,姓氏
address,地址
street address,路名
apartment number,公寓號碼
city,城市
state,州
ZIP code,郵遞區號
area code,區域號碼
phone number,手機號碼
call number,行動電話
home number,家裡電話
date of birth,出生日期
plance of birth,出生地點
gender,性別
male,男生
female,女生
social,社會
sercurity,安全
signature,簽名
quad,方院
field,球場
bleachers,看臺
principal,校長
assistant principal,副校長
counselor,顧問
classroom,教室
teacher,老師
restroom,廁所
hallway,走廊
locker,置物櫃
main office,主要辦公室
clerk,職員
cafeteria,自助餐廳
computer lab,電腦教室
teacher aide,助教
library,圖書館
gym,體育館
coach,教練
track,跑道
whiteboard,白板
screen,螢幕
chalkboard,黑板
instructor,講師
projector,投影機
studen,學生
desk,書桌
headphone,耳機
clock,時鐘
bookcase,書架
chair,椅子
map,地圖
alphabet,字母表
bulletin board,佈告欄
document,
chalk,粉筆
eraser,橡皮擦
pencil,鉛筆
pen,原子筆
sharpener,削鉛筆機
premanent,永久的
highlighter,螢光筆
textbook,課本
workbook,習作
notebook,筆記本
learner dictionary,學生字典
picture dictionary,圖片字典
look up,查看
read,讀
translate,翻譯
check,確認
copy,複製
draw,畫
discuss,討論
brainstorm,思考
work,工作
help,幫助
ask,說
answer,答案
share,分享
dictate,聽寫
sentance,句子
fill in,填入
choose,選擇
crile,圈選
cross out,刪除
underline,強調
match,搭配
label,標記
unscramble,猜字
take out,拿取
put away,放入
set,設定
take note,寫筆記
study,學習
pass,通過
get,得到
make,取得
clear off,清理
bubble in,填寫
erase,擦
correct,正確的
submit,提交
walk,走
run,跑
turn on,開
tuen off,關
pick of,拿起
carry,搬運
deliver,遞交
take a break,休息
eat,吃
drink,喝
go back,回去
leave,離開
grades,級別
start,開始
offer,提供
refuse,拒絕
aplolgize,道歉
accept,接受
invite,邀請
decline invite,拒絕邀請
agree,同意
disagree,不同意
explain,解釋